{
  "arx_linear": {
    "model": "ARX-Linear",
    "tag": "arx_linear",
    "params": 25,
    "flops_per_sample": 50,
    "train_time_s": 0.002270936965942383,
    "nrmse_sim": 0.9879270792007446,
    "vaf_sim": 2.405822277069092,
    "nrmse_osa": 0.45043981075286865,
    "vaf_osa": 79.71045684814453,
    "nrmse_3step": null,
    "vaf_3step": null,
    "free_run_diverged": false
  },
  "nnarx": {
    "model": "NNARX",
    "params": 5889,
    "flops_per_sample": 34947,
    "train_time_s": 55.357396841049194,
    "ensemble": 3,
    "nrmse_sim": 0.9445236921310425,
    "vaf_sim": 10.854893684387207,
    "nrmse_osa": 0.4507097899913788,
    "vaf_osa": 79.68985748291016,
    "nrmse_3step": 0.880210280418396,
    "vaf_3step": 22.523571014404297
  },
  "poly_narmax": {
    "model": "PolyNARMAX",
    "tag": "poly_narmax",
    "nrmse_sim": 3.141908645629883,
    "vaf_sim": -884.7919311523438,
    "nrmse_osa": 0.5064812302589417,
    "vaf_osa": 74.35712432861328,
    "nrmse_3step": 0.8806883096694946,
    "vaf_3step": 22.456043243408203,
    "free_run_diverged": false,
    "three_step_diverged": false,
    "train_time_s": 2.5806281566619873,
    "params": 15,
    "flops_per_sample": 30
  },
  "nnarx_frols_k10": {
    "model": "NNARX-FROLS",
    "params": 5185,
    "flops_per_sample": 30723,
    "train_time_s": 11.591227769851685,
    "ensemble": 3,
    "nrmse_sim": 0.8607020974159241,
    "vaf_sim": 25.937206268310547,
    "nrmse_osa": 0.4364888370037079,
    "vaf_osa": 80.96159362792969,
    "nrmse_3step": 0.9133750796318054,
    "vaf_3step": 16.760337829589844
  },
  "nnarx_frols_k20": {
    "model": "NNARX-FROLS",
    "params": 5569,
    "flops_per_sample": 33027,
    "train_time_s": 6.796534538269043,
    "ensemble": 3,
    "nrmse_sim": 0.8630781173706055,
    "vaf_sim": 25.511878967285156,
    "nrmse_osa": 0.3916463255882263,
    "vaf_osa": 84.66243743896484,
    "nrmse_3step": 0.8450268507003784,
    "vaf_3step": 28.60466766357422
  },
  "nnarx_frols_k40": {
    "model": "NNARX-FROLS",
    "params": 6849,
    "flops_per_sample": 40707,
    "train_time_s": 11.419620275497437,
    "ensemble": 3,
    "nrmse_sim": 0.8534786105155945,
    "vaf_sim": 27.158695220947266,
    "nrmse_osa": 0.40021973848342896,
    "vaf_osa": 83.9826431274414,
    "nrmse_3step": 0.854586660861969,
    "vaf_3step": 26.968597412109375
  },
  "rnn": {
    "model": "RNN",
    "params": 4417,
    "flops_per_sample": 8641,
    "train_time_s": 10.014681100845337,
    "nrmse_sim": 0.9863274693489075,
    "vaf_sim": 2.7328789234161377,
    "nrmse_osa": 0.49313417077064514,
    "vaf_osa": 75.68327331542969,
    "nrmse_3step": 0.9012492299079895,
    "vaf_3step": 18.77654266357422
  },
  "lstm": {
    "model": "LSTM",
    "params": 17473,
    "flops_per_sample": 34497,
    "train_time_s": 17.491465091705322,
    "nrmse_sim": 0.9674270153045654,
    "vaf_sim": 6.485372543334961,
    "nrmse_osa": 0.4906404912471771,
    "vaf_osa": 75.94754791259766,
    "nrmse_3step": 0.8837119936943054,
    "vaf_3step": 21.935457229614258
  },
  "gru": {
    "model": "GRU",
    "params": 13121,
    "flops_per_sample": 25857,
    "train_time_s": 18.02820897102356,
    "nrmse_sim": 0.9735685586929321,
    "vaf_sim": 5.217104911804199,
    "nrmse_osa": 0.48527491092681885,
    "vaf_osa": 76.50636291503906,
    "nrmse_3step": 0.8726060390472412,
    "vaf_3step": 24.085765838623047
  }
}