{
  "nnarx": {
    "model": "NNARX (FROLS K=20)",
    "params": 5569,
    "flops_per_sample": 33027,
    "train_time_s": 56.5181097984314,
    "ensemble": 3,
    "nrmse_sim": 0.5320255756378174,
    "vaf_sim": 71.69645690917969,
    "nrmse_osa": 0.13886302709579468,
    "vaf_osa": 98.07170867919922,
    "nrmse_3step": 0.6470907926559448,
    "vaf_3step": 58.127540588378906
  },
  "nnarx_frols_k10": {
    "model": "NNARX-FROLS",
    "params": 5185,
    "flops_per_sample": 30723,
    "train_time_s": 55.827948570251465,
    "ensemble": 3,
    "nrmse_sim": 0.5683640837669373,
    "vaf_sim": 67.69672393798828,
    "nrmse_osa": 0.13542607426643372,
    "vaf_osa": 98.1668930053711,
    "nrmse_3step": 0.6188053488731384,
    "vaf_3step": 61.73384094238281
  },
  "nnarx_frols_k40": {
    "model": "NNARX-FROLS",
    "params": 6593,
    "flops_per_sample": 39171,
    "train_time_s": 45.25311589241028,
    "ensemble": 3,
    "nrmse_sim": 0.5215814709663391,
    "vaf_sim": 72.79528045654297,
    "nrmse_osa": 0.13995416462421417,
    "vaf_osa": 98.04166412353516,
    "nrmse_3step": 0.6311438083648682,
    "vaf_3step": 60.17533493041992
  },
  "rnn": {
    "model": "RNN",
    "params": 4417,
    "flops_per_sample": 8641,
    "train_time_s": 97.26003098487854,
    "nrmse_sim": 0.7737597227096558,
    "vaf_sim": 40.136260986328125,
    "nrmse_osa": 0.34404003620147705,
    "vaf_osa": 88.16380310058594,
    "nrmse_3step": 0.866304337978363,
    "vaf_3step": 24.953508377075195
  },
  "lstm": {
    "model": "LSTM",
    "params": 17473,
    "flops_per_sample": 34497,
    "train_time_s": 153.35033464431763,
    "nrmse_sim": 0.7604979872703552,
    "vaf_sim": 42.18898391723633,
    "nrmse_osa": 0.3566308319568634,
    "vaf_osa": 87.28343200683594,
    "nrmse_3step": 0.8227877616882324,
    "vaf_3step": 32.30280303955078
  },
  "gru": {
    "model": "GRU",
    "params": 13121,
    "flops_per_sample": 25857,
    "train_time_s": 155.4075984954834,
    "nrmse_sim": 0.7807526588439941,
    "vaf_sim": 39.505863189697266,
    "nrmse_osa": 0.3890618085861206,
    "vaf_osa": 84.92449188232422,
    "nrmse_3step": 0.8353749513626099,
    "vaf_3step": 30.56511878967285
  }
}